,X,Y,ID,SER,PERMIT,CR,DR,LOCATION,DATE,CD,TG,GD,MODEL,THEME,CITY,LAT,LON,TOOLTIP
0,-118.47779999993436,34.26449999984795,1001,WV111,,SE,EB,CHATSWORTH FS GAYNOR,1992-12-18T00:00:00.000Z,12,501.0,F3,A,AD SHELTERS,LOS ANGELES,34.2645,-118.4778,Type: AD SHELTERS\nLocation:  CHATSWORTH FS GAYNOR\nCouncil District:  12\nDate:  12/18/1992\nSerial: WV111\nPermit:  
1,-118.52149999995531,34.26479999986436,1002,WV180,,SE,EB,CHATSWORTH FS ZELZAH-island,1990-03-16T00:00:00.000Z,12,501.0,A3,A,AD SHELTERS,LOS ANGELES,34.2648,-118.5215,Type: AD SHELTERS\nLocation:  CHATSWORTH FS ZELZAH-island\nCouncil District:  12\nDate:  3/16/1990\nSerial: WV180\nPermit:  
2,-118.51469999984207,34.26479999986436,1003,WV041,,SW,EB,CHATSWORTH NS ENCINO,1982-11-17T00:00:00.000Z,12,501.0,B3,A,AD SHELTERS,LOS ANGELES,34.2648,-118.5147,Type: AD SHELTERS\nLocation:  CHATSWORTH NS ENCINO\nCouncil District:  12\nDate:  11/17/1982\nSerial: WV041\nPermit:  
3,-118.51790000010672,34.26479999986436,1004,WV058,,NE,WB,CHATSWORTH NS WHITE OAK,1983-03-18T00:00:00.000Z,12,501.0,A3,A,AD SHELTERS,LOS ANGELES,34.2648,-118.5179,Type: AD SHELTERS\nLocation:  CHATSWORTH NS WHITE OAK\nCouncil District:  12\nDate:  3/18/1983\nSerial: WV058\nPermit:  
4,-118.56050000003674,34.233399999976555,1005,WV355,,NE,NB,CORBIN FS NORDHOFF,2001-04-26T00:00:00.000Z,12,500.0,F7,D2MG,AD SHELTERS,LOS ANGELES,34.2334,-118.5605,Type: AD SHELTERS\nLocation:  CORBIN FS NORDHOFF\nCouncil District:  12\nDate:  4/26/2001\nSerial: WV355\nPermit:  
5,-118.56050000003674,34.23120000004454,1006,WV357,,SE,NB,CORBIN NS NORDHOFF,2001-04-26T00:00:00.000Z,12,500.0,F7,D2MG,AD SHELTERS,LOS ANGELES,34.2312,-118.5605,Type: AD SHELTERS\nLocation:  CORBIN NS NORDHOFF\nCouncil District:  12\nDate:  4/26/2001\nSerial: WV357\nPermit:  
6,-118.56180000014423,34.233399999976555,1007,WV356,,NW,SB,CORBIN NS NORDHOFF PLACE,2001-04-26T00:00:00.000Z,12,500.0,F7,D2MG,AD SHELTERS,LOS ANGELES,34.2334,-118.5618,Type: AD SHELTERS\nLocation:  CORBIN NS NORDHOFF PLACE\nCouncil District:  12\nDate:  4/26/2001\nSerial: WV356\nPermit:  
7,-118.5613000001029,34.23880000017193,1008,WV151,,SW,SB,CORBIN FS PRAIRIE,1988-11-10T00:00:00.000Z,12,500.0,F6,A,AD SHELTERS,LOS ANGELES,34.2388,-118.5613,Type: AD SHELTERS\nLocation:  CORBIN FS PRAIRIE\nCouncil District:  12\nDate:  11/10/1988\nSerial: WV151\nPermit:  
8,-118.58770000004056,34.24899999992085,1009,WV011,,SW,SB,DE SOTO FS LASSEN,1984-05-17T00:00:00.000Z,12,500.0,C5,A,AD SHELTERS,LOS ANGELES,34.249,-118.5877,Type: AD SHELTERS\nLocation:  DE SOTO FS LASSEN\nCouncil District:  12\nDate:  5/17/1984\nSerial: WV011\nPermit:  
9,-118.58760000003227,34.24259999991517,1010,WV013,,NE,NB,DE SOTO FS PLUMMER,1982-11-22T00:00:00.000Z,12,500.0,C6,B,AD SHELTERS,LOS ANGELES,34.2426,-118.5876,Type: AD SHELTERS\nLocation:  DE SOTO FS PLUMMER\nCouncil District:  12\nDate:  11/22/1982\nSerial: WV013\nPermit:  
10,-118.58709999999088,34.21970000009243,1011,WV059,,NE,NB,DE SOTO FS ROSCOE,1983-12-08T00:00:00.000Z,12,530.0,C2,B,AD SHELTERS,LOS ANGELES,34.2197,-118.5871,Type: AD SHELTERS\nLocation:  DE SOTO FS ROSCOE\nCouncil District:  12\nDate:  12/8/1983\nSerial: WV059\nPermit:  
11,-118.50150000009786,34.25739999994691,1012,WV158,,SE,EB,DEVONSHIRE FS BALBOA,1988-11-10T00:00:00.000Z,12,501.0,D4,A,AD SHELTERS,LOS ANGELES,34.2574,-118.5015,Type: AD SHELTERS\nLocation:  DEVONSHIRE FS BALBOA\nCouncil District:  12\nDate:  11/10/1988\nSerial: WV158\nPermit:  
12,-118.55259999983251,34.257200000154874,1013,WV139,,SE,EB,DEVONSHIRE FS TAMPA,1990-03-16T00:00:00.000Z,12,500.0,G4,A,AD SHELTERS,LOS ANGELES,34.2572,-118.5526,Type: AD SHELTERS\nLocation:  DEVONSHIRE FS TAMPA\nCouncil District:  12\nDate:  3/16/1990\nSerial: WV139\nPermit:  
13,-118.54400000001957,34.257200000154874,1014,WV140,,SW,EB,DEVONSHIRE NS WILBUR,2001-01-24T00:00:00.000Z,12,500.0,H4,D1MG,AD SHELTERS,LOS ANGELES,34.2572,-118.544,Type: AD SHELTERS\nLocation:  DEVONSHIRE NS WILBUR\nCouncil District:  12\nDate:  1/24/2001\nSerial: WV140\nPermit:  
14,-118.52109999992224,34.257200000154874,1015,WV037,,SE,EB,DEVONSHIRE FS ZELZAH,1982-11-18T00:00:00.000Z,12,501.0,A4,B,AD SHELTERS,LOS ANGELES,34.2572,-118.5211,Type: AD SHELTERS\nLocation:  DEVONSHIRE FS ZELZAH\nCouncil District:  12\nDate:  11/18/1982\nSerial: WV037\nPermit:  
15,-118.5211999999305,34.257200000154874,1016,WV036,,NE,WB,DEVONSHIRE NS ZELZAH-island,1982-11-18T00:00:00.000Z,12,501.0,A4,A,AD SHELTERS,LOS ANGELES,34.2572,-118.5212,Type: AD SHELTERS\nLocation:  DEVONSHIRE NS ZELZAH-island\nCouncil District:  12\nDate:  11/18/1982\nSerial: WV036\nPermit:  
16,-118.58790000005706,34.2498999999774,1017,WV043,,NW,WB,LASSEN FS DE SOTO,1982-11-22T00:00:00.000Z,12,500.0,C5,B,AD SHELTERS,LOS ANGELES,34.2499,-118.5879,Type: AD SHELTERS\nLocation:  LASSEN FS DE SOTO\nCouncil District:  12\nDate:  11/22/1982\nSerial: WV043\nPermit:  
17,-118.42279999987714,34.26479999986436,1018,EV424,,NW,WB,VAN NUYS FS TELFAIR,2001-10-19T00:00:00.000Z,7,502.0,C3,D2CB,AD SHELTERS,LOS ANGELES,34.2648,-118.4228,Type: AD SHELTERS\nLocation:  VAN NUYS FS TELFAIR\nCouncil District:  7\nDate:  10/19/2001\nSerial: EV424\nPermit:  
18,-118.42389999996809,34.26459999984858,1019,EV490,,SW,EB,VAN NUYS NS TELFAIR,2002-01-23T00:00:00.000Z,7,502.0,C3,D2CB,AD SHELTERS,LOS ANGELES,34.2646,-118.4239,Type: AD SHELTERS\nLocation:  VAN NUYS NS TELFAIR\nCouncil District:  7\nDate:  1/23/2002\nSerial: EV490\nPermit:  
19,-118.29090000019724,34.06389999981964,1020,CD1009,,SE,EB,6TH FS VERMONT,1999-10-21T00:00:00.000Z,10,634.0,A2,A,AD SHELTERS,LOS ANGELES,34.0639,-118.2909,Type: AD SHELTERS\nLocation:  6TH FS VERMONT\nCouncil District:  10\nDate:  10/21/1999\nSerial: CD1009\nPermit:  
20,-118.2862999998168,34.06389999981964,1021,CD281,,SW,EB,6TH NS VIRGIL,1990-11-29T00:00:00.000Z,10,634.0,B2,A,AD SHELTERS,LOS ANGELES,34.0639,-118.2863,Type: AD SHELTERS\nLocation:  6TH NS VIRGIL\nCouncil District:  10\nDate:  11/29/1990\nSerial: CD281\nPermit:  
21,-118.30130000015906,34.057900000056584,1022,CD1069,,SW,EB,8TH NS IROLO,2000-04-26T00:00:00.000Z,10,633.0,J3,A,AD SHELTERS,LOS ANGELES,34.0579,-118.3013,Type: AD SHELTERS\nLocation:  8TH NS IROLO\nCouncil District:  10\nDate:  4/26/2000\nSerial: CD1069\nPermit:  
22,-118.33420000018512,34.03259999983146,1023,CD210,,SE,EB,ADAMS FS CRENSHAW,1983-02-14T00:00:00.000Z,10,633.0,E7,B,AD SHELTERS,LOS ANGELES,34.0326,-118.3342,Type: AD SHELTERS\nLocation:  ADAMS FS CRENSHAW\nCouncil District:  10\nDate:  2/14/1983\nSerial: CD210\nPermit:  
23,-118.31040000001335,34.03280000012927,1024,LA012,,NW,WB,ADAMS FS SAINT ANDREWS PL.,1979-10-03T00:00:00.000Z,10,633.0,H6,B,AD SHELTERS,LOS ANGELES,34.0328,-118.3104,Type: AD SHELTERS\nLocation:  ADAMS FS SAINT ANDREWS PL.\nCouncil District:  10\nDate:  10/3/1979\nSerial: LA012\nPermit:  
24,-118.31040000001335,34.03280000012927,1025,CD257,,SW,EB,ADAMS NS SAINT ANDREWS PL.,1983-04-21T00:00:00.000Z,10,633.0,H6,A,AD SHELTERS,LOS ANGELES,34.0328,-118.3104,Type: AD SHELTERS\nLocation:  ADAMS NS SAINT ANDREWS PL.\nCouncil District:  10\nDate:  4/21/1983\nSerial: CD257\nPermit:  
25,-118.35329999996814,34.018300000051816,1026,CD508,,NE,WB,COLISEUM NS LA BREA,1987-01-20T00:00:00.000Z,10,673.0,C2,A,AD SHELTERS,LOS ANGELES,34.0183,-118.3533,Type: AD SHELTERS\nLocation:  COLISEUM NS LA BREA\nCouncil District:  10\nDate:  1/20/1987\nSerial: CD508\nPermit:  
26,-118.33420000018512,34.032400000178825,1027,CD230,,SE,NB,CRENSHAW NS ADAMS,1983-02-14T00:00:00.000Z,10,633.0,D7,A,AD SHELTERS,LOS ANGELES,34.0324,-118.3342,Type: AD SHELTERS\nLocation:  CRENSHAW NS ADAMS\nCouncil District:  10\nDate:  2/14/1983\nSerial: CD230\nPermit:  
27,-118.33420000018512,34.025299999847256,1028,CD040,,SW,SB,CRENSHAW FS JEFFERSON,1982-11-04T00:00:00.000Z,10,673.0,E1,A,AD SHELTERS,LOS ANGELES,34.0253,-118.3342,Type: AD SHELTERS\nLocation:  CRENSHAW FS JEFFERSON\nCouncil District:  10\nDate:  11/4/1982\nSerial: CD040\nPermit:  
28,-118.32230000009923,34.054299999941065,1029,CD007,,SE,NB,CRENSHAW NS OLYMPIC,1990-05-24T00:00:00.000Z,10,633.0,F3,A,AD SHELTERS,LOS ANGELES,34.0543,-118.3223,Type: AD SHELTERS\nLocation:  CRENSHAW NS OLYMPIC\nCouncil District:  10\nDate:  5/24/1990\nSerial: CD007\nPermit:  
29,-118.32589999994782,34.0476999999287,1030,CD031,,SE,NB,CRENSHAW NS PICO,1982-05-13T00:00:00.000Z,10,633.0,F4,A,AD SHELTERS,LOS ANGELES,34.0477,-118.3259,Type: AD SHELTERS\nLocation:  CRENSHAW NS PICO\nCouncil District:  10\nDate:  5/13/1982\nSerial: CD031\nPermit:  
30,-118.33370000014375,34.021000000123955,1031,CD844,,SE,NB,CRENSHAW NS RODEO RD.,1993-12-16T00:00:00.000Z,10,673.0,E1,A,AD SHELTERS,LOS ANGELES,34.021,-118.3337,Type: AD SHELTERS\nLocation:  CRENSHAW NS RODEO RD.\nCouncil District:  10\nDate:  12/16/1993\nSerial: CD844\nPermit:  
31,-118.33029999986256,34.03940000003284,1032,CD034,,SW,SB,CRENSHAW FS WASHINGTON,1982-04-29T00:00:00.000Z,10,633.0,F5,A,AD SHELTERS,LOS ANGELES,34.0394,-118.3303,Type: AD SHELTERS\nLocation:  CRENSHAW FS WASHINGTON\nCouncil District:  10\nDate:  4/29/1982\nSerial: CD034\nPermit:  
32,-118.31889999981804,34.06119999989637,1033,CD948,,SW,SB,CRENSHAW FS WILSHIRE,1997-12-23T00:00:00.000Z,10,633.0,G2,A,AD SHELTERS,LOS ANGELES,34.0612,-118.3189,Type: AD SHELTERS\nLocation:  CRENSHAW FS WILSHIRE\nCouncil District:  10\nDate:  12/23/1997\nSerial: CD948\nPermit:  
33,-118.36829999986126,34.03589999991417,1034,CD475,,SE,NB,FAIRFAX NS APPLE,1984-05-01T00:00:00.000Z,10,633.0,A6,A,AD SHELTERS,LOS ANGELES,34.0359,-118.3683,Type: AD SHELTERS\nLocation:  FAIRFAX NS APPLE\nCouncil District:  10\nDate:  5/1/1984\nSerial: CD475\nPermit:  
34,-118.36829999986126,34.03589999991417,1035,CD476,,SE,NB,FAIRFAX NS APPLE,1984-05-01T00:00:00.000Z,10,633.0,A6,A,AD SHELTERS,LOS ANGELES,34.0359,-118.3683,Type: AD SHELTERS\nLocation:  FAIRFAX NS APPLE\nCouncil District:  10\nDate:  5/1/1984\nSerial: CD476\nPermit:  
35,-118.36289999986381,34.05820000014185,1036,CD586,,SE,NB,FAIRFAX NS OLYMPIC,1988-07-12T00:00:00.000Z,10,633.0,B3,A,AD SHELTERS,LOS ANGELES,34.0582,-118.3629,Type: AD SHELTERS\nLocation:  FAIRFAX NS OLYMPIC\nCouncil District:  10\nDate:  7/12/1988\nSerial: CD586\nPermit:  
36,0.0,0.0,1037,LN039,,SW,EB,Jefferson NS 4th,2001-06-08T00:00:00.000Z,10,633.0,G7,DOME,LANI,LA LANI,,,Type: LANI\nLocation:  Jefferson NS 4th\nCouncil District:  10\nDate:  6/8/2001\nSerial: LN039\nPermit:  
37,0.0,0.0,1038,LN040,,NE,WB,JEfferson NS 7th,2001-06-08T00:00:00.000Z,10,633.0,F7,DOME,LANI,LA LANI,,,Type: LANI\nLocation:  JEfferson NS 7th\nCouncil District:  10\nDate:  6/8/2001\nSerial: LN040\nPermit:  
38,0.0,0.0,1039,IG007,,SW,EB,Jefferson NS Arlington,1995-12-20T00:00:00.000Z,10,633.0,J7,DOME,LANI,LA LANI,,,Type: LANI\nLocation:  Jefferson NS Arlington\nCouncil District:  10\nDate:  12/20/1995\nSerial: IG007\nPermit:  
39,0.0,0.0,1040,IG008,,NW,WB,Jefferson FS Arlington * box,1995-12-20T00:00:00.000Z,10,633.0,J7,DOME,LANI,LA LANI,,,Type: LANI\nLocation:  Jefferson FS Arlington * box\nCouncil District:  10\nDate:  12/20/1995\nSerial: IG008\nPermit:  
40,0.0,0.0,1041,IG009,,SE,EB,Jefferson FS Crenshaw * box,1996-02-29T00:00:00.000Z,10,633.0,E7,DOME,LANI,LA LANI,,,Type: LANI\nLocation:  Jefferson FS Crenshaw * box\nCouncil District:  10\nDate:  2/29/1996\nSerial: IG009\nPermit:  
41,-118.33420000018512,34.02549999985627,1042,CD043,,NW,WB,JEFFERSON FS CRENSHAW,1982-11-04T00:00:00.000Z,10,633.0,E7,A,AD SHELTERS,LOS ANGELES,34.0255,-118.3342,Type: AD SHELTERS\nLocation:  JEFFERSON FS CRENSHAW\nCouncil District:  10\nDate:  11/4/1982\nSerial: CD043\nPermit:  
42,-118.34500000018,34.05700000012794,1043,CD719,,SE,NB,LA BREA NS OLYMPIC,1990-12-07T00:00:00.000Z,10,633.0,D3,A,AD SHELTERS,LOS ANGELES,34.056999999999995,-118.345,Type: AD SHELTERS\nLocation:  LA BREA NS OLYMPIC\nCouncil District:  10\nDate:  12/7/1990\nSerial: CD719\nPermit:  
43,-118.34450000013867,34.04560000014271,1044,CD247,,SE,NB,LA BREA NS VENICE,1983-04-13T00:00:00.000Z,10,633.0,D4,B,AD SHELTERS,LOS ANGELES,34.0456,-118.3445,Type: AD SHELTERS\nLocation:  LA BREA NS VENICE\nCouncil District:  10\nDate:  4/13/1983\nSerial: CD247\nPermit:  
44,-118.34639999984662,34.04029999995605,1045,CD783,,NW,SB,LA BREA NS WASHINGTON,1992-12-18T00:00:00.000Z,10,633.0,D5,A,AD SHELTERS,LOS ANGELES,34.0403,-118.3464,Type: AD SHELTERS\nLocation:  LA BREA NS WASHINGTON\nCouncil District:  10\nDate:  12/18/1992\nSerial: CD783\nPermit:  
45,-118.34639999984662,34.04029999995605,1046,CD1105,,SE,NB,LA BREA NS WASHINGTON,2000-07-20T00:00:00.000Z,10,633.0,D5,A,AD SHELTERS,LOS ANGELES,34.0403,-118.3464,Type: AD SHELTERS\nLocation:  LA BREA NS WASHINGTON\nCouncil District:  10\nDate:  7/20/2000\nSerial: CD1105\nPermit:  
46,-118.3545000000674,34.02119999984261,1047,CD537,,NE,NB,LA BREA FS RODEO ROAD,1988-09-23T00:00:00.000Z,10,673.0,C1,A,AD SHELTERS,LOS ANGELES,34.0212,-118.3545,Type: AD SHELTERS\nLocation:  LA BREA FS RODEO ROAD\nCouncil District:  10\nDate:  9/23/1988\nSerial: CD537\nPermit:  
47,-118.35440000005914,34.018300000051816,1048,CD317,,NE,NB,LA BREA FS COLISEUM,1984-03-13T00:00:00.000Z,10,673.0,C2,A,AD SHELTERS,LOS ANGELES,34.0183,-118.3544,Type: AD SHELTERS\nLocation:  LA BREA FS COLISEUM\nCouncil District:  10\nDate:  3/13/1984\nSerial: CD317\nPermit:  
48,-118.37529999999106,34.05330000012753,1049,WL200,,SE,NB,LA CIENEGA NS PICO,1988-07-12T00:00:00.000Z,10,632.0,J4,A,AD SHELTERS,LOS ANGELES,34.0533,-118.3753,Type: AD SHELTERS\nLocation:  LA CIENEGA NS PICO\nCouncil District:  10\nDate:  7/12/1988\nSerial: WL200\nPermit:  
49,-118.29960000001844,34.06189999984016,1050,CD437,,SE,NB,NORMANDIE NS WILSHIRE,1984-05-10T00:00:00.000Z,10,633.0,J3,A,AD SHELTERS,LOS ANGELES,34.0619,-118.2996,Type: AD SHELTERS\nLocation:  NORMANDIE NS WILSHIRE\nCouncil District:  10\nDate:  5/10/1984\nSerial: CD437\nPermit:  
50,-118.32300000015712,34.05499999993661,1051,CD010,,SW,EB,OLYMPIC NS CRENSHAW,1982-04-21T00:00:00.000Z,10,633.0,F3,A,AD SHELTERS,LOS ANGELES,34.055,-118.323,Type: AD SHELTERS\nLocation:  OLYMPIC NS CRENSHAW\nCouncil District:  10\nDate:  4/21/1982\nSerial: CD010\nPermit:  
51,-118.3221000000827,34.05479999988977,1052,CD009,,NE,WB,OLYMPIC NS CRENSHAW,1982-05-13T00:00:00.000Z,10,633.0,F3,A,AD SHELTERS,LOS ANGELES,34.0548,-118.3221,Type: AD SHELTERS\nLocation:  OLYMPIC NS CRENSHAW\nCouncil District:  10\nDate:  5/13/1982\nSerial: CD009\nPermit:  
52,-118.35269999991851,34.05719999982157,1053,CD011,,SW,EB,OLYMPIC NS HAUSER,1982-05-23T00:00:00.000Z,10,633.0,C3,A,AD SHELTERS,LOS ANGELES,34.0572,-118.3527,Type: AD SHELTERS\nLocation:  OLYMPIC NS HAUSER\nCouncil District:  10\nDate:  5/23/1982\nSerial: CD011\nPermit:  
53,-118.29909999997709,34.05299999981828,1054,CD720,,SW,EB,OLYMPIC NS NORMANDIE,1990-05-24T00:00:00.000Z,10,633.0,J4,A,AD SHELTERS,LOS ANGELES,34.053000000000004,-118.2991,Type: AD SHELTERS\nLocation:  OLYMPIC NS NORMANDIE\nCouncil District:  10\nDate:  5/24/1990\nSerial: CD720\nPermit:  
54,-118.29909999997709,34.05299999981828,1055,CD721,,NE,WB,OLYMPIC NS NORMANDIE,1990-12-07T00:00:00.000Z,10,633.0,J4,A,AD SHELTERS,LOS ANGELES,34.053000000000004,-118.2991,Type: AD SHELTERS\nLocation:  OLYMPIC NS NORMANDIE\nCouncil District:  10\nDate:  12/7/1990\nSerial: CD721\nPermit:  
55,-118.31030000000507,34.05290000009953,1056,CD357,,SW,EB,OLYMPIC NS SAINT ANDREWS PL.,1992-10-21T00:00:00.000Z,10,633.0,G4,A,AD SHELTERS,LOS ANGELES,34.0529,-118.3103,Type: AD SHELTERS\nLocation:  OLYMPIC NS SAINT ANDREWS PL.\nCouncil District:  10\nDate:  10/21/1992\nSerial: CD357\nPermit:  
56,-118.3589999999904,34.057400000159674,1057,CD549,,NE,WB,OLYMPIC NS SPAULDING,1990-05-24T00:00:00.000Z,10,633.0,B3,A,AD SHELTERS,LOS ANGELES,34.0574,-118.359,Type: AD SHELTERS\nLocation:  OLYMPIC NS SPAULDING\nCouncil District:  10\nDate:  5/24/1990\nSerial: CD549\nPermit:  
57,-118.29070000018066,34.052500000044866,1058,CD272,,SW,EB,OLYMPIC NS VERMONT,1983-12-05T00:00:00.000Z,10,634.0,A4,B,AD SHELTERS,LOS ANGELES,34.0525,-118.2907,Type: AD SHELTERS\nLocation:  OLYMPIC NS VERMONT\nCouncil District:  10\nDate:  12/5/1983\nSerial: CD272\nPermit:  
58,-118.29070000018066,34.052500000044866,1059,CD1064,,NE,WB,OLYMPIC NS VERMONT,2000-05-17T00:00:00.000Z,10,634.0,A4,A,AD SHELTERS,LOS ANGELES,34.0525,-118.2907,Type: AD SHELTERS\nLocation:  OLYMPIC NS VERMONT\nCouncil District:  10\nDate:  5/17/2000\nSerial: CD1064\nPermit:  
59,-118.30829999983965,34.05290000009953,1060,CD358,,SW,EB,OLYMPIC NS WESTERN,1984-04-10T00:00:00.000Z,10,633.0,J4,A,AD SHELTERS,LOS ANGELES,34.0529,-118.3083,Type: AD SHELTERS\nLocation:  OLYMPIC NS WESTERN\nCouncil District:  10\nDate:  4/10/1984\nSerial: CD358\nPermit:  
60,-118.37529999999106,34.05330000012753,1061,WL207,,SE,EB,PICO FS LA CIENEGA,1990-10-12T00:00:00.000Z,10,633.0,A4,A,AD SHELTERS,LOS ANGELES,34.0533,-118.3753,Type: AD SHELTERS\nLocation:  PICO FS LA CIENEGA\nCouncil District:  10\nDate:  10/12/1990\nSerial: WL207\nPermit:  
61,-118.36249999983075,34.050799999969705,1062,CD736,,NE,WB,PICO NS GENESEE,1990-10-12T00:00:00.000Z,10,633.0,B4,A,AD SHELTERS,LOS ANGELES,34.0508,-118.3625,Type: AD SHELTERS\nLocation:  PICO NS GENESEE\nCouncil District:  10\nDate:  10/12/1990\nSerial: CD736\nPermit:  
62,-118.35590000018318,34.04859999997197,1063,CD249,,SW,EB,PICO NS HAUSER,1983-04-11T00:00:00.000Z,10,633.0,C4,A,AD SHELTERS,LOS ANGELES,34.0486,-118.3559,Type: AD SHELTERS\nLocation:  PICO NS HAUSER\nCouncil District:  10\nDate:  4/11/1983\nSerial: CD249\nPermit:  
63,-118.35169999983583,34.04809999992812,1064,CD732,,SW,EB,PICO NS COCHRAN,1992-10-21T00:00:00.000Z,10,633.0,C4,A,AD SHELTERS,LOS ANGELES,34.0481,-118.3517,Type: AD SHELTERS\nLocation:  PICO NS COCHRAN\nCouncil District:  10\nDate:  10/21/1992\nSerial: CD732\nPermit:  
64,-118.35390000001776,34.04830000015059,1065,CD733,,NE,WB,PICO FS BURNSIDE,1992-10-21T00:00:00.000Z,10,633.0,C4,A,AD SHELTERS,LOS ANGELES,34.0483,-118.3539,Type: AD SHELTERS\nLocation:  PICO FS BURNSIDE\nCouncil District:  10\nDate:  10/21/1992\nSerial: CD733\nPermit:  
65,-118.34380000008076,34.0476999999287,1066,CD045,,NE,WB,PICO NS LA BREA,1982-05-17T00:00:00.000Z,10,633.0,D4,A,AD SHELTERS,LOS ANGELES,34.0477,-118.3438,Type: AD SHELTERS\nLocation:  PICO NS LA BREA\nCouncil District:  10\nDate:  5/17/1982\nSerial: CD045\nPermit:  
66,-118.34380000008076,34.0476999999287,1067,CD731,,SE,EB,PICO FS LA BREA,1990-07-05T00:00:00.000Z,10,633.0,D4,A,AD SHELTERS,LOS ANGELES,34.0477,-118.3438,Type: AD SHELTERS\nLocation:  PICO FS LA BREA\nCouncil District:  10\nDate:  7/5/1990\nSerial: CD731\nPermit:  
67,-118.33489999979385,34.04869999992465,1068,CD729,,NE,WB,PICO NS MULLEN,1990-10-12T00:00:00.000Z,10,633.0,D4,A,AD SHELTERS,LOS ANGELES,34.0487,-118.3349,Type: AD SHELTERS\nLocation:  PICO NS MULLEN\nCouncil District:  10\nDate:  10/12/1990\nSerial: CD729\nPermit:  
68,-118.33860000009985,34.04859999997197,1069,CD730,,SW,EB,PICO NS SAN VICENTE BL.,1990-06-22T00:00:00.000Z,10,633.0,E4,A,AD SHELTERS,LOS ANGELES,34.0486,-118.3386,Type: AD SHELTERS\nLocation:  PICO NS SAN VICENTE BL.\nCouncil District:  10\nDate:  6/22/1990\nSerial: CD730\nPermit:  
69,-118.32579999993956,34.04800000001214,1070,CD035,,SW,EB,PICO NS CRENSHAW,1982-05-14T00:00:00.000Z,10,633.0,F4,A,AD SHELTERS,LOS ANGELES,34.048,-118.3258,Type: AD SHELTERS\nLocation:  PICO NS CRENSHAW\nCouncil District:  10\nDate:  5/14/1982\nSerial: CD035\nPermit:  
70,-118.32579999993956,34.04800000001214,1071,CD036,,NW,WB,PICO FS CRENSHAW,1982-04-29T00:00:00.000Z,10,633.0,F4,A,AD SHELTERS,LOS ANGELES,34.048,-118.3258,Type: AD SHELTERS\nLocation:  PICO FS CRENSHAW\nCouncil District:  10\nDate:  4/29/1982\nSerial: CD036\nPermit:  
71,-118.33220000001972,34.051699999855764,1072,CD728,,SW,EB,PICO NS WINDSOR,1992-10-21T00:00:00.000Z,10,633.0,F4,A,AD SHELTERS,LOS ANGELES,34.0517,-118.3322,Type: AD SHELTERS\nLocation:  PICO NS WINDSOR\nCouncil District:  10\nDate:  10/21/1992\nSerial: CD728\nPermit:  
72,-118.31590000001907,34.047299999903025,1073,CD250,,NE,WB,PICO NS ARLINGTON,1983-04-12T00:00:00.000Z,10,633.0,G4,A,AD SHELTERS,LOS ANGELES,34.0473,-118.3159,Type: AD SHELTERS\nLocation:  PICO NS ARLINGTON\nCouncil District:  10\nDate:  4/12/1983\nSerial: CD250\nPermit:  
73,-118.30819999983142,34.04739999990027,1074,CD044,,SW,EB,PICO NS WESTERN,1982-05-14T00:00:00.000Z,10,633.0,J4,A,AD SHELTERS,LOS ANGELES,34.0474,-118.3082,Type: AD SHELTERS\nLocation:  PICO NS WESTERN\nCouncil District:  10\nDate:  5/14/1982\nSerial: CD044\nPermit:  
74,-118.30819999983142,34.04739999990027,1075,CD576,,NE,WB,PICO NS WESTERN,1988-12-01T00:00:00.000Z,10,633.0,J4,A,AD SHELTERS,LOS ANGELES,34.0474,-118.3082,Type: AD SHELTERS\nLocation:  PICO NS WESTERN\nCouncil District:  10\nDate:  12/1/1988\nSerial: CD576\nPermit:  
75,-118.3545000000674,34.02119999984261,1076,CD051,,NW,WB,RODEO RD. FS LA BREA,1982-10-26T00:00:00.000Z,10,673.0,B1,B,AD SHELTERS,LOS ANGELES,34.0212,-118.3545,Type: AD SHELTERS\nLocation:  RODEO RD. FS LA BREA\nCouncil District:  10\nDate:  10/26/1982\nSerial: CD051\nPermit:  
76,-118.37100000008458,34.02160000009975,1077,CD048,,NE,WB,RODEO RD. NS LA CIENEGA,1982-11-05T00:00:00.000Z,10,673.0,A1,A,AD SHELTERS,LOS ANGELES,34.0216,-118.37100000000001,Type: AD SHELTERS\nLocation:  RODEO RD. NS LA CIENEGA\nCouncil District:  10\nDate:  11/5/1982\nSerial: CD048\nPermit:  
77,-118.40129999989558,34.02130000008358,1078,WL111,,SE,EB,VENICE FS JASMINE,1984-08-02T00:00:00.000Z,10,672.0,G1,B,AD SHELTERS,LOS ANGELES,34.0213,-118.4013,Type: AD SHELTERS\nLocation:  VENICE FS JASMINE\nCouncil District:  10\nDate:  8/2/1984\nSerial: WL111\nPermit:  
78,-118.3444000001304,34.04579999993508,1079,CD246,,SE,EB,VENICE FS LA BREA,1983-05-05T00:00:00.000Z,10,633.0,D4,A,AD SHELTERS,LOS ANGELES,34.0458,-118.3444,Type: AD SHELTERS\nLocation:  VENICE FS LA BREA\nCouncil District:  10\nDate:  5/5/1983\nSerial: CD246\nPermit:  
79,-118.38810000015137,34.028999999836955,1080,WL112,,NW,WB,VENICE FS NATIONAL,1986-10-09T00:00:00.000Z,10,632.0,J7,A,AD SHELTERS,LOS ANGELES,34.029,-118.3881,Type: AD SHELTERS\nLocation:  VENICE FS NATIONAL\nCouncil District:  10\nDate:  10/9/1986\nSerial: WL112\nPermit:  
80,-118.30759999978179,34.04419999992611,1081,CD1071,,NW,WB,VENICE FS WESTERN,2000-07-27T00:00:00.000Z,10,633.0,H5,A,AD SHELTERS,LOS ANGELES,34.0442,-118.3076,Type: AD SHELTERS\nLocation:  VENICE FS WESTERN\nCouncil District:  10\nDate:  7/27/2000\nSerial: CD1071\nPermit:  
81,-118.41950000005336,34.29780000016364,1082,EV474,,SW,SB,FOOTHILL FS MACLAY,2001-12-21T00:00:00.000Z,7,482.0,D5,D2MG,AD SHELTERS,LOS ANGELES,34.2978,-118.4195,Type: AD SHELTERS\nLocation:  FOOTHILL FS MACLAY\nCouncil District:  7\nDate:  12/21/2001\nSerial: EV474\nPermit:  
82,-118.40659999988476,34.28599999987161,1083,EV484,,NE,NB,FOOTHILL FS PAXTON,2001-12-21T00:00:00.000Z,7,482.0,E7,D2MG,AD SHELTERS,LOS ANGELES,34.286,-118.4066,Type: AD SHELTERS\nLocation:  FOOTHILL FS PAXTON\nCouncil District:  7\nDate:  12/21/2001\nSerial: EV484\nPermit:  
83,-118.40659999988476,34.28599999987161,1084,EV483,,NW,SB,FOOTHILL NS PAXTON,2001-12-21T00:00:00.000Z,7,482.0,E7,D2MG,AD SHELTERS,LOS ANGELES,34.286,-118.4066,Type: AD SHELTERS\nLocation:  FOOTHILL NS PAXTON\nCouncil District:  7\nDate:  12/21/2001\nSerial: EV483\nPermit:  
84,-118.43419999992166,34.3110999999753,1085,WV307,,NE,NB,FOOTHILL FS SAYRE,2000-03-16T00:00:00.000Z,7,482.0,B3,A,AD SHELTERS,LOS ANGELES,34.3111,-118.4342,Type: AD SHELTERS\nLocation:  FOOTHILL FS SAYRE\nCouncil District:  7\nDate:  3/16/2000\nSerial: WV307\nPermit:  
85,-118.40069999984597,34.280600000074,1086,EV487,,SW,SB,FOOTHILL FS VAN NUYS,2001-12-20T00:00:00.000Z,7,482.0,F7,D2MG,AD SHELTERS,LOS ANGELES,34.2806,-118.4007,Type: AD SHELTERS\nLocation:  FOOTHILL FS VAN NUYS\nCouncil District:  7\nDate:  12/20/2001\nSerial: EV487\nPermit:  
86,-118.44569999997444,34.31950000005621,1087,EV453,,SE,NB,FOOTHILL NS TYLER,2001-05-17T00:00:00.000Z,7,482.0,A2,D2MG,AD SHELTERS,LOS ANGELES,34.3195,-118.4457,Type: AD SHELTERS\nLocation:  FOOTHILL NS TYLER\nCouncil District:  7\nDate:  5/17/2001\nSerial: EV453\nPermit:  
87,-118.44569999997444,34.31950000005621,1088,EV454,,NW,SB,FOOTHILL NS TYLER,2001-05-17T00:00:00.000Z,7,482.0,A2,D2MG,AD SHELTERS,LOS ANGELES,34.3195,-118.4457,Type: AD SHELTERS\nLocation:  FOOTHILL NS TYLER\nCouncil District:  7\nDate:  5/17/2001\nSerial: EV454\nPermit:  
88,-118.41430000007244,34.2929000000527,1089,EV481,,NW,SB,FOOTHILL NS VAUGHN,2001-12-21T00:00:00.000Z,7,482.0,E6,D2MG,AD SHELTERS,LOS ANGELES,34.2929,-118.4143,Type: AD SHELTERS\nLocation:  FOOTHILL NS VAUGHN\nCouncil District:  7\nDate:  12/21/2001\nSerial: EV481\nPermit:  
89,-118.39200000002472,34.25510000017632,1090,EV097,,NE,WB,GLENOAKS NS BRANFORD,1983-03-18T00:00:00.000Z,7,502.0,G4,A,AD SHELTERS,LOS ANGELES,34.2551,-118.39200000000001,Type: AD SHELTERS\nLocation:  GLENOAKS NS BRANFORD\nCouncil District:  7\nDate:  3/18/1983\nSerial: EV097\nPermit:  
90,-118.39360000015706,34.256999999887384,1091,EV098,,NE,WB,GLENOAKS NS MONTAGUE,1983-03-18T00:00:00.000Z,7,502.0,G3,A,AD SHELTERS,LOS ANGELES,34.257,-118.3936,Type: AD SHELTERS\nLocation:  GLENOAKS NS MONTAGUE\nCouncil District:  7\nDate:  3/18/1983\nSerial: EV098\nPermit:  
91,-118.3999999997881,34.263700000017,1092,EV099,,SE,EB,GLENOAKS FS OSBORNE,1982-11-24T00:00:00.000Z,7,502.0,E3,B,AD SHELTERS,LOS ANGELES,34.2637,-118.4,Type: AD SHELTERS\nLocation:  GLENOAKS FS OSBORNE\nCouncil District:  7\nDate:  11/24/1982\nSerial: EV099\nPermit:  
92,-118.4166999998218,34.278799999991676,1093,EV343,,SE,NB,GLENOAKS NS PAXTON,2001-12-20T00:00:00.000Z,7,502.0,D1,D2MG,AD SHELTERS,LOS ANGELES,34.2788,-118.4167,Type: AD SHELTERS\nLocation:  GLENOAKS NS PAXTON\nCouncil District:  7\nDate:  12/20/2001\nSerial: EV343\nPermit:  
93,-118.4166999998218,34.278799999991676,1094,EV342,,SW,SB,GLENOAKS FS PAXTON,2001-12-20T00:00:00.000Z,7,502.0,D1,D2MG,AD SHELTERS,LOS ANGELES,34.2788,-118.4167,Type: AD SHELTERS\nLocation:  GLENOAKS FS PAXTON\nCouncil District:  7\nDate:  12/20/2001\nSerial: EV342\nPermit:  
94,-118.41109999980776,34.274099999969216,1095,EV067,,NW,WB,GLENOAKS FS VAN NUYS,2002-01-24T00:00:00.000Z,7,502.0,E1,D1MG,AD SHELTERS,LOS ANGELES,34.2741,-118.4111,Type: AD SHELTERS\nLocation:  GLENOAKS FS VAN NUYS\nCouncil District:  7\nDate:  1/24/2002\nSerial: EV067\nPermit:  
95,-118.4444999998752,34.294099999856854,1096,EV480,,NE,NB,HUBBARD FS BRADLEY,2001-12-21T00:00:00.000Z,7,482.0,A6,D2MG,AD SHELTERS,LOS ANGELES,34.2941,-118.4445,Type: AD SHELTERS\nLocation:  HUBBARD FS BRADLEY\nCouncil District:  7\nDate:  12/21/2001\nSerial: EV480\nPermit:  
96,-118.41950000005336,34.316900000007,1097,WV268,,SW,SB,HUBBARD FS SIMSHAW-traffic,1998-11-18T00:00:00.000Z,7,482.0,D2,A,AD SHELTERS,LOS ANGELES,34.3169,-118.4195,Type: AD SHELTERS\nLocation:  HUBBARD FS SIMSHAW-traffic\nCouncil District:  7\nDate:  11/18/1998\nSerial: WV268\nPermit:  
97,-118.43839999981986,34.29950000002816,1098,EV232,,SE,NB,HUBBARD NS GLENOAKS,1990-03-16T00:00:00.000Z,7,482.0,B5,A,AD SHELTERS,LOS ANGELES,34.2995,-118.4384,Type: AD SHELTERS\nLocation:  HUBBARD NS GLENOAKS\nCouncil District:  7\nDate:  3/16/1990\nSerial: EV232\nPermit:  
98,-118.44170000009278,34.26950000009856,1099,EV426,,NE,NB,LAUREL CYN. FS CHAMBERLAIN,2002-01-31T00:00:00.000Z,7,502.0,A2,D2MG,AD SHELTERS,LOS ANGELES,34.2695,-118.4417,Type: AD SHELTERS\nLocation:  LAUREL CYN. FS CHAMBERLAIN\nCouncil District:  7\nDate:  1/31/2002\nSerial: EV426\nPermit:  
99,-118.43760000020286,34.26479999986436,1100,EV069,,SW,SB,LAUREL CYN. FS PAXTON,1982-10-21T00:00:00.000Z,7,502.0,B3,A,AD SHELTERS,LOS ANGELES,34.2648,-118.4376,Type: AD SHELTERS\nLocation:  LAUREL CYN. FS PAXTON\nCouncil District:  7\nDate:  10/21/1982\nSerial: EV069\nPermit:  
